Kode;PM2.5;Traffic ;Wind Speed ;Humidity ;Temperature ;Precipitation ;NDVI 
Bundaran HI;164.5;5.966.986.301;4;60;29;0;0.082027808
Bundaran HI;247.5;5.966.986.301;2;65;28;0.2;0.082027808
Bundaran HI;282;5.966.986.301;3;70;27.5;0.05;0.082027808
Bundaran HI;186.5;5.966.986.301;2.5;70;28;0;0.082027808
Bundaran HI;230;5.966.986.301;2.5;70;23.5;6.3;0.082027808
Bundaran HI;261;5.966.986.301;2.5;70;26;0.25;0.082027808
Bundaran HI;281;5.966.986.301;5;70;26;0.25;0.082027808
Bundaran HI;307.5;5.966.986.301;3;65;26.5;0;0.082027808
Bundaran HI;134.5;5.966.986.301;2.5;75;28.5;0;0.082027808
Bundaran HI;127.5;5.208.153.846;4;75;27.5;0;0.082027808
Bundaran HI;144.5;5.208.153.846;2;75;28.5;0.15;0.082027808
Bundaran HI;392;5.208.153.846;1.5;65;27.5;0.2;0.082027808
Bundaran HI;366;5.208.153.846;3.5;70;28;0;0.082027808
Bundaran HI;388;5.208.153.846;1.5;70;27;0;0.082027808
Bundaran HI;181.5;5.208.153.846;1.5;70;28;0;0.082027808
Bundaran HI;243.5;5.208.153.846;1.5;75;28.5;0;0.082027808
Bundaran HI;287;5610;3;75;28;0;0.082027808
Bundaran HI;467;5610;3;65;28.5;0.25;0.082027808
Bundaran HI;347.5;5610;2.5;70;27.5;0.15;0.082027808
Bundaran HI;79.5;5610;3.5;75;27;0.25;0.082027808
Bundaran HI;142;5610;7;75;28.5;0;0.082027808
Bundaran HI;252;5610;2.5;75;28;0;0.082027808
Bundaran HI;275.5;5610;6;75;27.5;0.1;0.082027808
Bundaran HI;96;6.521.228.571;6;60;28.5;0;0.082027808
Bundaran HI;95;6.521.228.571;8.5;70;29;0;0.082027808
Bundaran HI;86;6.521.228.571;8.5;85;25;1.2;0.082027808
Bundaran HI;250;6.521.228.571;6;65;27.5;0;0.082027808
Bundaran HI;165;6.521.228.571;4;60;28;0;0.082027808
Bundaran HI;148;6.521.228.571;6;60;28.5;0;0.082027808
Bundaran HI;154;6.521.228.571;3.5;60;28.5;0;0.082027808
Bundaran HI;65;6.521.228.571;3.5;65;29;0;0.082027808
Bundaran HI;44;9.208.743.243;8;50;33;0;0.082027808
Bundaran HI;117;9.208.743.243;7;60;30;0.5;0.082027808
Bundaran HI;60;9.208.743.243;9;60;33;1.4;0.082027808
Bundaran HI;179;9.208.743.243;5;50;33;0.2;0.082027808
Bundaran HI;88;9.208.743.243;3;50;29;5.4;0.082027808
Bundaran HI;163;9.208.743.243;6;60;31;0;0.082027808
Bundaran HI;211;9.208.743.243;11;70;30;0.5;0.082027808
Bundaran HI;164;9.208.743.243;6;60;32;0;0.082027808
Bundaran HI;33;9.208.743.243;8;60;33;3;0.082027808
Bundaran HI;80;6.606.564.103;4;60;32;0.3;0.082027808
Bundaran HI;87;6.606.564.103;11;60;31;2;0.082027808
Bundaran HI;331;6.606.564.103;11;50;32;0.9;0.082027808
Bundaran HI;119;6.606.564.103;9;60;32;0.3;0.082027808
Bundaran HI;214;6.606.564.103;10;50;33;0.3;0.082027808
Bundaran HI;83;6.606.564.103;8;60;32;2.4;0.082027808
Bundaran HI;95;6.606.564.103;7;60;33;0.2;0.082027808
Bundaran HI;172;6.824.054.054;9;60;32;0;0.082027808
Bundaran HI;136;6.824.054.054;9;60;31;0.7;0.082027808
Bundaran HI;137;6.824.054.054;5;50;32;0.1;0.082027808
Bundaran HI;13;6.824.054.054;6;60;29;2.6;0.082027808
Bundaran HI;51;6.824.054.054;12;70;32;0.4;0.082027808
Bundaran HI;89;6.824.054.054;9;60;32;0;0.082027808
Bundaran HI;72;6.824.054.054;9;60;34;0.1;0.082027808
Bundaran HI;38;6.888.649.351;15;50;34;0.2;0.082027808
Bundaran HI;40;6.888.649.351;17;60;33;0.4;0.082027808
Bundaran HI;70;6.888.649.351;11;60;30;0.1;0.082027808
Bundaran HI;72;6.888.649.351;12;50;33;0;0.082027808
Bundaran HI;63;6.888.649.351;13;40;34;0;0.082027808
Bundaran HI;119;6.888.649.351;7;40;34;0;0.082027808
Bundaran HI;40;6.888.649.351;11;40;35;0;0.082027808
Bundaran HI;19;6.888.649.351;9;60;32;0;0.082027808
Bundaran HI;57;8.875.901.235;5;60;29;1.35;0.082027808
Bundaran HI;136;8.875.901.235;4.5;65;28.5;0.55;0.082027808
Bundaran HI;200.5;8.875.901.235;6;65;28;4;0.082027808
Bundaran HI;169;8.875.901.235;3.5;65;27.5;3.7;0.082027808
Bundaran HI;142.5;8.875.901.235;5;65;27.5;1.55;0.082027808
Bundaran HI;149.5;8.875.901.235;4.5;75;28;3.55;0.082027808
Bundaran HI;304.5;8.875.901.235;13;70;25.5;0.5;0.082027808
Bundaran HI;165.5;8.875.901.235;3;65;29;1.05;0.082027808
Bundaran HI;41.5;8.875.901.235;7;65;29;4.35;0.082027808
Bundaran HI;161.5;8.074.666.667;4.5;70;29;3.5;0.082027808
Bundaran HI;280;8.074.666.667;5;75;28.5;2.35;0.082027808
Bundaran HI;333.5;8.074.666.667;6.5;65;29.5;0.85;0.082027808
Bundaran HI;269.5;8.074.666.667;6;65;28.5;3.8;0.082027808
Bundaran HI;211.5;8.074.666.667;6.5;65;29;1.15;0.082027808
Bundaran HI;112.5;8.074.666.667;4;70;28;2.75;0.082027808
Bundaran HI;251;8.074.666.667;4.5;75;30;1;0.082027808
Bundaran HI;331;7.933.027.027;4.5;65;30;1.05;0.082027808
Bundaran HI;204;7.933.027.027;5;65;28.5;2.05;0.082027808
Bundaran HI;167;7.933.027.027;2.5;65;27.5;3.3;0.082027808
Bundaran HI;69;7.933.027.027;4.5;70;29;2.4;0.082027808
Bundaran HI;228;7.933.027.027;6;80;28;0.6;0.082027808
Bundaran HI;167;7.933.027.027;4.5;65;28.5;2.15;0.082027808
Bundaran HI;181;7.933.027.027;6.5;65;29;2.9;0.082027808
Bundaran HI;40;7.928.973.684;12.5;65;29;0.45;0.082027808
Bundaran HI;58;7.928.973.684;13.5;70;28;0.4;0.082027808
Bundaran HI;90.5;7.928.973.684;6.5;65;28.5;0;0.082027808
Bundaran HI;126;7.928.973.684;5.5;55;30.5;0.05;0.082027808
Bundaran HI;178.5;7.928.973.684;7;55;31.5;0;0.082027808
Bundaran HI;184;7.928.973.684;8;65;29.5;0.3;0.082027808
Bundaran HI;133;7.928.973.684;8.5;55;28.5;0;0.082027808
Bundaran HI;57;7.928.973.684;7;65;29.5;0.25;0.082027808
Jagakarsa;135;9.102.702.703;2.5;70;29;0;0.174883679
Jagakarsa;173;9.102.702.703;3.5;70;27;0.25;0.174883679
Jagakarsa;137.5;9.102.702.703;3.5;70;28;0.2;0.174883679
Jagakarsa;102;9.102.702.703;2.5;75;27.5;0;0.174883679
Jagakarsa;81.5;9.102.702.703;3;70;25;5.65;0.174883679
Jagakarsa;148;9.102.702.703;2.5;75;26.5;0.25;0.174883679
Jagakarsa;161;9.102.702.703;7;80;26.5;0.25;0.174883679
Jagakarsa;176;9.102.702.703;3.5;70;26.5;0;0.174883679
Jagakarsa;126.5;9.102.702.703;3;75;28;0;0.174883679
Jagakarsa;100.5;91.171.875;4;80;27;0;0.174883679
Jagakarsa;152;91.171.875;1.5;75;28;0.15;0.174883679
Jagakarsa;279;91.171.875;2;70;27;0.15;0.174883679
Jagakarsa;224.5;91.171.875;4;75;27.5;0.4;0.174883679
Jagakarsa;246.5;91.171.875;2.5;70;27;0;0.174883679
Jagakarsa;118.5;91.171.875;2;70;28;0;0.174883679
Jagakarsa;58.5;91.171.875;2.5;75;27.5;0;0.174883679
Jagakarsa;126;8.753.235.294;3.5;75;28;0;0.174883679
Jagakarsa;402.5;8.753.235.294;1.5;70;27.5;0.3;0.174883679
Jagakarsa;157;8.753.235.294;2.5;70;27;0.15;0.174883679
Jagakarsa;70.5;8.753.235.294;3;80;27.5;0.3;0.174883679
Jagakarsa;71.5;8.753.235.294;7;75;27.5;0;0.174883679
Jagakarsa;127.5;8.753.235.294;2.5;75;28;0;0.174883679
Jagakarsa;172.5;8.753.235.294;6;85;27;0.1;0.174883679
Jagakarsa;95.5;897;6.5;70;28;0;0.174883679
Jagakarsa;88;897;9.5;80;28.5;0;0.174883679
Jagakarsa;44.5;897;9.5;85;25;0.9;0.174883679
Jagakarsa;133.5;897;5;70;27;0;0.174883679
Jagakarsa;66;897;4.5;60;28;0;0.174883679
Jagakarsa;72.5;897;5.5;60;28.5;0;0.174883679
Jagakarsa;93.5;897;4;60;28;0;0.174883679
Jagakarsa;45.5;897;4.5;65;28;0;0.174883679
Jagakarsa;47;9.287.045.455;10;50;33;0;0.174883679
Jagakarsa;156;9.287.045.455;7;60;29;0.4;0.174883679
Jagakarsa;64;9.287.045.455;11;60;31;1.4;0.174883679
Jagakarsa;106;9.287.045.455;5;60;31;0.2;0.174883679
Jagakarsa;121;9.287.045.455;4;60;29;4.8;0.174883679
Jagakarsa;175;9.287.045.455;3;60;32;0;0.174883679
Jagakarsa;228;9.287.045.455;14;60;30;0.6;0.174883679
Jagakarsa;115;9.287.045.455;6;70;32;0;0.174883679
Jagakarsa;39;9.287.045.455;6;70;33;3.2;0.174883679
Jagakarsa;98;697.6;2;60;31;0.2;0.174883679
Jagakarsa;121;697.6;12;70;32;1.9;0.174883679
Jagakarsa;275;697.6;10;60;32;0.8;0.174883679
Jagakarsa;111;697.6;7;60;33;0.3;0.174883679
Jagakarsa;280;697.6;9;60;33;0.3;0.174883679
Jagakarsa;55;697.6;8;70;31;1.8;0.174883679
Jagakarsa;43;697.6;6;70;33;0.2;0.174883679
Jagakarsa;94;5.665.238.095;6;70;32;0;0.174883679
Jagakarsa;224;5.665.238.095;11;60;31;0.5;0.174883679
Jagakarsa;151;5.665.238.095;5;60;32;0.2;0.174883679
Jagakarsa;16;5.665.238.095;7;70;29;2.4;0.174883679
Jagakarsa;38;5.665.238.095;14;70;31;0.3;0.174883679
Jagakarsa;86;5.665.238.095;8;60;32;0;0.174883679
Jagakarsa;43;5.665.238.095;11;60;32;0.2;0.174883679
Jagakarsa;43;706;18;50;32;0.3;0.174883679
Jagakarsa;49;706;18;60;32;0.4;0.174883679
Jagakarsa;58;706;10;60;29;0.1;0.174883679
Jagakarsa;52;706;12;60;32;0;0.174883679
Jagakarsa;35;706;13;40;32;0;0.174883679
Jagakarsa;51;706;7;50;34;0;0.174883679
Jagakarsa;36;706;12;50;34;0;0.174883679
Jagakarsa;22;706;8;60;32;0;0.174883679
Jagakarsa;73;1.192.880.952;4.5;70;29;2.3;0.174883679
Jagakarsa;148;1.192.880.952;4.5;75;28.5;0.75;0.174883679
Jagakarsa;124.5;1.192.880.952;5;70;28;4.3;0.174883679
Jagakarsa;100;1.192.880.952;5;80;27.5;3.9;0.174883679
Jagakarsa;150.5;1.192.880.952;5;75;27.5;1.65;0.174883679
Jagakarsa;171.5;1.192.880.952;4;85;28;4.55;0.174883679
Jagakarsa;288;1.192.880.952;10.5;80;26;0.55;0.174883679
Jagakarsa;125.5;1.192.880.952;3.5;70;28.5;1.15;0.174883679
Jagakarsa;40;1.192.880.952;6.5;70;28.5;5.1;0.174883679
Jagakarsa;106;1.015.378.378;5.5;80;29;3.8;0.174883679
Jagakarsa;203;1.015.378.378;4;85;28;2.8;0.174883679
Jagakarsa;338;1.015.378.378;6;75;28.5;2.05;0.174883679
Jagakarsa;202;1.015.378.378;5.5;80;28;4.45;0.174883679
Jagakarsa;238;1.015.378.378;7.5;75;29;1.7;0.174883679
Jagakarsa;70;1.015.378.378;4;85;28.5;3.15;0.174883679
Jagakarsa;146.5;1.015.378.378;4.5;75;29;1.4;0.174883679
Jagakarsa;246;8.938.205.128;5.5;75;29.5;1.35;0.174883679
Jagakarsa;165;8.938.205.128;5;75;28.5;2.3;0.174883679
Jagakarsa;144.5;8.938.205.128;3;80;28;3.05;0.174883679
Jagakarsa;19.5;8.938.205.128;3.5;80;28.5;3.2;0.174883679
Jagakarsa;123;8.938.205.128;6;85;28;0.6;0.174883679
Jagakarsa;103.5;8.938.205.128;5.5;75;28.5;2.7;0.174883679
Jagakarsa;102;8.938.205.128;7.5;75;28.5;3.45;0.174883679
Jagakarsa;32.5;9.926.666.667;14.5;75;29;0.6;0.174883679
Jagakarsa;50;9.926.666.667;13;80;28.5;0.45;0.174883679
Jagakarsa;44.5;9.926.666.667;6.5;70;28.5;0;0.174883679
Jagakarsa;77;9.926.666.667;5.5;70;29.5;0;0.174883679
Jagakarsa;84.5;9.926.666.667;7;60;31.5;0;0.174883679
Jagakarsa;147;9.926.666.667;10;70;30;0.35;0.174883679
Jagakarsa;111.5;9.926.666.667;10.5;60;29.5;0;0.174883679
Jagakarsa;41.5;9.926.666.667;9.5;70;28.5;0.2;0.174883679
GBK;156.5;1.337.866.667;4;60;29;1.55;0.108233603
GBK;230.5;1.337.866.667;2;70;28;0.65;0.108233603
GBK;231;1.337.866.667;3;70;28;4;0.108233603
GBK;156;1.337.866.667;2.5;70;27.5;3.8;0.108233603
GBK;189.5;1.337.866.667;2.5;70;24.5;1.3;0.108233603
GBK;234.5;1.337.866.667;2.5;70;26.5;3.8;0.108233603
GBK;253;1.337.866.667;6;75;26.5;0.5;0.108233603
GBK;266.5;1.337.866.667;3;70;26.5;1.05;0.108233603
GBK;139.5;1.337.866.667;3;75;28;4.6;0.108233603
GBK;116.5;9.819.666.667;4;75;28;3.65;0.108233603
GBK;157.5;9.819.666.667;2;75;28;2.7;0.108233603
GBK;371.5;9.819.666.667;1.5;65;27;1.35;0.108233603
GBK;340;9.819.666.667;4;70;28;4.05;0.108233603
GBK;367;9.819.666.667;2;70;27;1.3;0.108233603
GBK;166.5;9.819.666.667;2;70;28.5;2.85;0.108233603
GBK;186;9.819.666.667;1.5;75;28;1.05;0.108233603
GBK;243.5;9.730.603.175;3.5;75;28;1.2;0.108233603
GBK;479.5;9.730.603.175;2.5;70;28;2.1;0.108233603
GBK;298;9.730.603.175;2.5;70;27.5;3.4;0.108233603
GBK;76.5;9.730.603.175;3.5;80;27.5;2.7;0.108233603
GBK;124;9.730.603.175;7;75;28;0.6;0.108233603
GBK;223.5;9.730.603.175;2.5;75;28.5;2.35;0.108233603
GBK;257;9.730.603.175;6;80;27.5;3;0.108233603
GBK;100;1.081.588.889;6;65;29;0.5;0.108233603
GBK;96;1.081.588.889;9;70;28;0.45;0.108233603
GBK;76;1.081.588.889;9;85;25;0;0.108233603
GBK;221.5;1.081.588.889;6;70;28;0.05;0.108233603
GBK;139;1.081.588.889;4.5;60;28;0;0.108233603
GBK;129.5;1.081.588.889;6;60;28.5;0.35;0.108233603
GBK;141;1.081.588.889;4.5;60;28.5;0;0.108233603
GBK;61;1.081.588.889;3.5;65;28.5;0.2;0.108233603
GBK;45;1.746.574.603;9;50;33;0;0.108233603
GBK;142;1.746.574.603;7;60;30;0.4;0.108233603
GBK;62;1.746.574.603;10;60;32;1.5;0.108233603
GBK;165;1.746.574.603;5;60;32;0.1;0.108233603
GBK;110;1.746.574.603;3;50;29;4.2;0.108233603
GBK;185;1.746.574.603;6;60;32;0;0.108233603
GBK;242;1.746.574.603;12;60;29;0.6;0.108233603
GBK;154;1.746.574.603;6;60;32;0;0.108233603
GBK;36;1.746.574.603;8;60;33;3.2;0.108233603
GBK;92;1.269.114.286;3;60;31;0.3;0.108233603
GBK;108;1.269.114.286;12;60;31;2;0.108233603
GBK;349;1.269.114.286;11;50;32;0.9;0.108233603
GBK;122;1.269.114.286;8;60;33;0.2;0.108233603
GBK;258;1.269.114.286;10;50;34;0.3;0.108233603
GBK;74;1.269.114.286;8;60;31;2.4;0.108233603
GBK;78;1.269.114.286;7;60;33;0.2;0.108233603
GBK;149;1.255.679.365;8;70;32;0;0.108233603
GBK;171;1.255.679.365;10;60;31;0.6;0.108233603
GBK;142;1.255.679.365;5;50;32;0.2;0.108233603
GBK;14;1.255.679.365;6;70;29;2.5;0.108233603
GBK;48;1.255.679.365;13;70;32;0.4;0.108233603
GBK;93;1.255.679.365;9;60;32;0;0.108233603
GBK;62;1.255.679.365;10;60;33;0.1;0.108233603
GBK;41;1.414.088.889;16;50;33;0.2;0.108233603
GBK;46;1.414.088.889;18;60;32;0.5;0.108233603
GBK;69;1.414.088.889;11;60;30;0.1;0.108233603
GBK;67;1.414.088.889;12;50;32;0;0.108233603
GBK;55;1.414.088.889;13;40;34;0;0.108233603
GBK;100;1.414.088.889;13;50;34;0;0.108233603
GBK;42;1.414.088.889;11;40;35;0;0.108233603
GBK;20;1.414.088.889;9;60;32;0;0.108233603
GBK;65.5;17720;5;65;29.5;1.55;0.108233603
GBK;147.5;17720;4.5;65;28.5;0.65;0.108233603
GBK;187.5;17720;5.5;65;27.5;4;0.108233603
GBK;184.5;17720;4;75;27.5;3.8;0.108233603
GBK;159;17720;5;65;27;1.3;0.108233603
GBK;170;17720;4.5;75;28;3.8;0.108233603
GBK;356;17720;12.5;75;26;0.5;0.108233603
GBK;158;17720;3;70;29;1.05;0.108233603
GBK;40.5;17720;6.5;70;29;4.6;0.108233603
GBK;150;1.324.885.714;4.5;75;28.5;3.65;0.108233603
GBK;271.5;1.324.885.714;5;80;28.5;2.7;0.108233603
GBK;363.5;1.324.885.714;6.5;65;29;1.35;0.108233603
GBK;271;1.324.885.714;5.5;75;28.5;4.05;0.108233603
GBK;241.5;1.324.885.714;6.5;70;29;1.3;0.108233603
GBK;104;1.324.885.714;4;75;28;2.85;0.108233603
GBK;230.5;1.324.885.714;4.5;75;29;1.05;0.108233603
GBK;326.5;1.331.422.222;5;75;29.5;1.2;0.108233603
GBK;196;1.331.422.222;5;70;28.5;2.1;0.108233603
GBK;166.5;1.331.422.222;3;75;28;3.4;0.108233603
GBK;55;1.331.422.222;4;75;29;2.7;0.108233603
GBK;211.5;1.331.422.222;6;80;28.5;0.6;0.108233603
GBK;153.5;1.331.422.222;5;70;28.5;2.35;0.108233603
GBK;164.5;1.331.422.222;7;60;29;3;0.108233603
GBK;37.5;1.590.993.651;13;65;29;0.5;0.108233603
GBK;57;1.590.993.651;13.5;75;28.5;0.45;0.108233603
GBK;80;1.590.993.651;6.5;70;28.5;0;0.108233603
GBK;115;1.590.993.651;5.5;65;30;0.05;0.108233603
GBK;156;1.590.993.651;7.5;55;31;0;0.108233603
GBK;182;1.590.993.651;9;65;29.5;0.35;0.108233603
GBK;137;1.590.993.651;9;55;29.5;0;0.108233603
GBK;55.5;1.590.993.651;7.5;65;29;0.2;0.108233603
Kebon Jeruk;155;3.146.129.032;4;60;29;0;0.078755146
Kebon Jeruk;260;3.146.129.032;2;65;28;0.2;0.078755146
Kebon Jeruk;255;3.146.129.032;3.5;70;28;0.15;0.078755146
Kebon Jeruk;190;3.146.129.032;3;70;27.5;0;0.078755146
Kebon Jeruk;252;3.146.129.032;2;70;24.5;2.55;0.078755146
Kebon Jeruk;264;3.146.129.032;2.5;70;26.5;0.3;0.078755146
Kebon Jeruk;303;3.146.129.032;6;75;26.5;0.25;0.078755146
Kebon Jeruk;317.5;3.146.129.032;4;65;26.5;0;0.078755146
Kebon Jeruk;153;3.146.129.032;2.5;75;28;0;0.078755146
Kebon Jeruk;136;3.368.275.862;3.5;75;28;0;0.078755146
Kebon Jeruk;167;3.368.275.862;2.5;75;28;0.1;0.078755146
Kebon Jeruk;417.5;3.368.275.862;2;65;27;0.15;0.078755146
Kebon Jeruk;396;3.368.275.862;4.5;70;28;0;0.078755146
Kebon Jeruk;406;3.368.275.862;1.5;70;27;0;0.078755146
Kebon Jeruk;193.5;3.368.275.862;2;70;28.5;0;0.078755146
Kebon Jeruk;250.5;3.368.275.862;2;75;28;0.05;0.078755146
Kebon Jeruk;289;3.467.222.222;4.5;75;28;0;0.078755146
Kebon Jeruk;485;3.467.222.222;2;65;28;0.35;0.078755146
Kebon Jeruk;340.5;3.467.222.222;2.5;70;27.5;0.1;0.078755146
Kebon Jeruk;86.5;3.467.222.222;3.5;80;27.5;0.2;0.078755146
Kebon Jeruk;156.5;3.467.222.222;7.5;75;28;0.05;0.078755146
Kebon Jeruk;275.5;3.467.222.222;2.5;75;28.5;0;0.078755146
Kebon Jeruk;277.5;3.467.222.222;6.5;75;27.5;0.2;0.078755146
Kebon Jeruk;87;3.467.538.462;6;65;29;0;0.078755146
Kebon Jeruk;87.5;3.467.538.462;9;70;28;0;0.078755146
Kebon Jeruk;86.5;3.467.538.462;9;85;25;1.4;0.078755146
Kebon Jeruk;236.5;3.467.538.462;7.8;70;28;0;0.078755146
Kebon Jeruk;179;3.467.538.462;7.4;60;28;0;0.078755146
Kebon Jeruk;151.5;3.467.538.462;7.2;60;28.5;0;0.078755146
Kebon Jeruk;147.5;3.467.538.462;8;60;28.5;0;0.078755146
Kebon Jeruk;69.5;3.467.538.462;5.6;65;29;0;0.078755146
Kebon Jeruk;45;3.758.985.507;9;50;33;0;0.078755146
Kebon Jeruk;132;3.758.985.507;7;60;31;0.3;0.078755146
Kebon Jeruk;59;3.758.985.507;10;60;32;1.9;0.078755146
Kebon Jeruk;193;3.758.985.507;4;50;32;0;0.078755146
Kebon Jeruk;105;3.758.985.507;4;50;29;0.3;0.078755146
Kebon Jeruk;183;3.758.985.507;6;60;32;0;0.078755146
Kebon Jeruk;252;3.758.985.507;12;60;29;1;0.078755146
Kebon Jeruk;174;3.758.985.507;6;60;32;0;0.078755146
Kebon Jeruk;39;3.758.985.507;8;60;33;3.1;0.078755146
Kebon Jeruk;93;3.188.955.224;4;60;31;0.3;0.078755146
Kebon Jeruk;102;3.188.955.224;12;60;30;1.9;0.078755146
Kebon Jeruk;358;3.188.955.224;12;50;32;0.8;0.078755146
Kebon Jeruk;140;3.188.955.224;9;60;33;0;0.078755146
Kebon Jeruk;230;3.188.955.224;9;50;34;0.4;0.078755146
Kebon Jeruk;81;3.188.955.224;8;60;31;2.9;0.078755146
Kebon Jeruk;101;3.188.955.224;6;60;33;0.1;0.078755146
Kebon Jeruk;174;36.209.375;8;70;32;0;0.078755146
Kebon Jeruk;151;36.209.375;10;50;31;0.4;0.078755146
Kebon Jeruk;120;36.209.375;6;50;32;0.1;0.078755146
Kebon Jeruk;16;36.209.375;6;60;29;2.1;0.078755146
Kebon Jeruk;64;36.209.375;12;70;31;0.6;0.078755146
Kebon Jeruk;91;36.209.375;8;60;32;0;0.078755146
Kebon Jeruk;64;36.209.375;10;60;33;0.2;0.078755146
Kebon Jeruk;33;404.852.459;16;50;34;0.2;0.078755146
Kebon Jeruk;39;404.852.459;18;60;32;0.5;0.078755146
Kebon Jeruk;66;404.852.459;12;60;30;0;0.078755146
Kebon Jeruk;66;404.852.459;13;50;32;0;0.078755146
Kebon Jeruk;61;404.852.459;14;40;34;0;0.078755146
Kebon Jeruk;112;404.852.459;6;40;33;0;0.078755146
Kebon Jeruk;47;404.852.459;12;40;34;0;0.078755146
Kebon Jeruk;22;404.852.459;8;60;32;0;0.078755146
Kebon Jeruk;65;4.927.894.737;4;60;29.5;1.05;0.078755146
Kebon Jeruk;156.5;4.927.894.737;2;65;28.5;0.6;0.078755146
Kebon Jeruk;207;4.927.894.737;3.5;65;27.5;3.2;0.078755146
Kebon Jeruk;240;4.927.894.737;3;70;27.5;3.9;0.078755146
Kebon Jeruk;167.5;4.927.894.737;2;65;26.5;0.25;0.078755146
Kebon Jeruk;179.5;4.927.894.737;2.5;75;28;3.7;0.078755146
Kebon Jeruk;353.5;4.927.894.737;6;75;26;0.45;0.078755146
Kebon Jeruk;204;4.927.894.737;4;65;29;0.7;0.078755146
Kebon Jeruk;61.5;4.927.894.737;2.5;65;29;4.25;0.078755146
Kebon Jeruk;179;1230.5;3.5;70;28.5;4.1;0.078755146
Kebon Jeruk;307;1230.5;2.5;75;28.5;3.45;0.078755146
Kebon Jeruk;355;1230.5;2;65;29;1.55;0.078755146
Kebon Jeruk;305;1230.5;4.5;65;28.5;4.15;0.078755146
Kebon Jeruk;228;1230.5;1.5;65;29;1.05;0.078755146
Kebon Jeruk;134;1230.5;2;70;28;2.65;0.078755146
Kebon Jeruk;269.5;1230.5;2;75;29;0.85;0.078755146
Kebon Jeruk;352;339.5;4.5;65;29.5;1.5;0.078755146
Kebon Jeruk;238;339.5;2;65;28.5;2.05;0.078755146
Kebon Jeruk;179.5;339.5;2.5;65;28;4.3;0.078755146
Kebon Jeruk;84;339.5;3.5;75;28.5;2.65;0.078755146
Kebon Jeruk;262;339.5;7.5;80;28.5;0.5;0.078755146
Kebon Jeruk;188;339.5;2.5;65;28.5;2.55;0.078755146
Kebon Jeruk;179;339.5;6.5;65;29;2.2;0.078755146
Kebon Jeruk;37.5;3.822.424.242;6;65;29;0.45;0.078755146
Kebon Jeruk;55.5;3.822.424.242;9;70;28.5;0.5;0.078755146
Kebon Jeruk;97;3.822.424.242;9;65;28;0;0.078755146
Kebon Jeruk;134.5;3.822.424.242;6;60;30;0.05;0.078755146
Kebon Jeruk;177.5;3.822.424.242;3.5;50;31;0;0.078755146
Kebon Jeruk;188.5;3.822.424.242;6.5;65;29.5;0.25;0.078755146
Kebon Jeruk;152.5;3.822.424.242;5;55;28.5;0;0.078755146
Kebon Jeruk;68.5;3.822.424.242;3.5;65;29;0.3;0.078755146
Kelapa Gading;191;3.097.734.375;4.5;60;28.5;0;0.102466591
Kelapa Gading;233;3.097.734.375;2;65;27.5;0.2;0.102466591
Kelapa Gading;336;3.097.734.375;3;65;27.5;0;0.102466591
Kelapa Gading;198;3.097.734.375;2.5;70;27.5;0;0.102466591
Kelapa Gading;221;3.097.734.375;3;70;24.5;7.05;0.102466591
Kelapa Gading;249;3.097.734.375;3.5;70;26.5;0.15;0.102466591
Kelapa Gading;263.5;3.097.734.375;5.5;75;26;0.1;0.102466591
Kelapa Gading;325.5;3.097.734.375;2.5;65;26.5;0;0.102466591
Kelapa Gading;120.5;3.097.734.375;2.5;75;28.5;0;0.102466591
Kelapa Gading;122.5;2.574.523.077;3.5;75;27.5;0;0.102466591
Kelapa Gading;127;2.574.523.077;2;70;28.5;0.25;0.102466591
Kelapa Gading;347.5;2.574.523.077;2;65;27.5;0.15;0.102466591
Kelapa Gading;318;2.574.523.077;3;75;28.5;0;0.102466591
Kelapa Gading;365;2.574.523.077;2;70;26.5;0.05;0.102466591
Kelapa Gading;195;2.574.523.077;2;70;28;0;0.102466591
Kelapa Gading;245;2.574.523.077;2;70;28.5;0;0.102466591
Kelapa Gading;296.5;2.978.227.273;2.5;75;28;0;0.102466591
Kelapa Gading;436;2.978.227.273;4;65;28.5;0.15;0.102466591
Kelapa Gading;353;2.978.227.273;2.5;70;27.5;0.2;0.102466591
Kelapa Gading;77;2.978.227.273;3.5;75;27;0.25;0.102466591
Kelapa Gading;132;2.978.227.273;7.5;70;28.5;0;0.102466591
Kelapa Gading;229;2.978.227.273;3;75;28;0;0.102466591
Kelapa Gading;233.5;2.978.227.273;7;75;27.5;0;0.102466591
Kelapa Gading;95.5;2.978.227.273;6.5;60;28.5;0;0.102466591
Kelapa Gading;101.5;2.978.227.273;9;70;29;0;0.102466591
Kelapa Gading;87;2.978.227.273;10;85;25;1;0.102466591
Kelapa Gading;249.5;2.978.227.273;6.5;65;28;0;0.102466591
Kelapa Gading;166;2.978.227.273;4.5;60;28;0;0.102466591
Kelapa Gading;130;2.978.227.273;5.5;60;28.5;0;0.102466591
Kelapa Gading;148.5;2.978.227.273;3;60;28.5;0;0.102466591
Kelapa Gading;66.5;2.978.227.273;3.5;65;29;0;0.102466591
Kelapa Gading;42;4.521.794.521;9;50;33;0;0.102466591
Kelapa Gading;86;4.521.794.521;7;60;30;0.8;0.102466591
Kelapa Gading;58;4.521.794.521;9;60;32;1.2;0.102466591
Kelapa Gading;164;4.521.794.521;6;50;33;0.2;0.102466591
Kelapa Gading;67;4.521.794.521;3;50;29;6.4;0.102466591
Kelapa Gading;122;4.521.794.521;7;60;31;0.1;0.102466591
Kelapa Gading;153;4.521.794.521;11;60;30;0.1;0.102466591
Kelapa Gading;141;4.521.794.521;6;60;32;0;0.102466591
Kelapa Gading;24;4.521.794.521;9;50;32;3.2;0.102466591
Kelapa Gading;62;3.535.652.174;5;60;31;0.4;0.102466591
Kelapa Gading;60;3.535.652.174;11;50;30;2.2;0.102466591
Kelapa Gading;255;3.535.652.174;11;50;31;0.7;0.102466591
Kelapa Gading;104;3.535.652.174;9;60;31;1;0.102466591
Kelapa Gading;175;3.535.652.174;11;70;32;0.3;0.102466591
Kelapa Gading;89;3.535.652.174;9;60;32;1.8;0.102466591
Kelapa Gading;100;3.535.652.174;8;60;33;0.2;0.102466591
Kelapa Gading;177;3657.28;11;60;31;0.1;0.102466591
Kelapa Gading;96;3657.28;9;60;30;0.9;0.102466591
Kelapa Gading;169;3657.28;5;60;31;0.5;0.102466591
Kelapa Gading;10;3657.28;7;60;28;4;0.102466591
Kelapa Gading;45;3657.28;12;70;32;0.2;0.102466591
Kelapa Gading;82;3657.28;11;60;32;0;0.102466591
Kelapa Gading;109;3657.28;9;60;33;0.1;0.102466591
Kelapa Gading;44;3.657.333.333;15;50;34;0.2;0.102466591
Kelapa Gading;37;3.657.333.333;17;50;33;0.3;0.102466591
Kelapa Gading;84;3.657.333.333;10;60;30;0.1;0.102466591
Kelapa Gading;79;3.657.333.333;11;50;33;0;0.102466591
Kelapa Gading;66;3.657.333.333;11;40;34;0;0.102466591
Kelapa Gading;126;3.657.333.333;8;40;35;0;0.102466591
Kelapa Gading;32;3.657.333.333;11;40;35;0;0.102466591
Kelapa Gading;18;3.657.333.333;10;60;32;0;0.102466591
Kelapa Gading;50;5.498.761.194;6.5;55;29;1.25;0.102466591
Kelapa Gading;102;5.498.761.194;4.5;55;28.5;0.45;0.102466591
Kelapa Gading;182.5;5.498.761.194;6.5;65;28;3.5;0.102466591
Kelapa Gading;216.5;5.498.761.194;4;65;27.5;3.5;0.102466591
Kelapa Gading;104;5.498.761.194;5;65;28;2.45;0.102466591
Kelapa Gading;112;5.498.761.194;5;75;28;3.65;0.102466591
Kelapa Gading;226.5;5.498.761.194;12.5;70;26;0.55;0.102466591
Kelapa Gading;136;5.498.761.194;3;65;28.5;1.85;0.102466591
Kelapa Gading;35;5.498.761.194;6.5;65;29;4.05;0.102466591
Kelapa Gading;141;4.057.791.045;5.5;70;29;2.5;0.102466591
Kelapa Gading;229.5;4.057.791.045;4.5;75;28.5;1.4;0.102466591
Kelapa Gading;285;4.057.791.045;6;65;29.5;0.45;0.102466591
Kelapa Gading;219;4.057.791.045;5.5;65;28;3;0.102466591
Kelapa Gading;173;4.057.791.045;7.5;65;28.5;1.1;0.102466591
Kelapa Gading;100;4.057.791.045;5;65;28;3.15;0.102466591
Kelapa Gading;232.5;4.057.791.045;4;70;29.5;0.95;0.102466591
Kelapa Gading;321;4.334.402.778;3.5;65;30;0.55;0.102466591
Kelapa Gading;157.5;4.334.402.778;5;65;28.5;1.65;0.102466591
Kelapa Gading;156;4.334.402.778;3;65;27;2.55;0.102466591
Kelapa Gading;61.5;4.334.402.778;5;65;29;2.7;0.102466591
Kelapa Gading;176;4.334.402.778;6;80;28;1.35;0.102466591
Kelapa Gading;140;4.334.402.778;4.5;65;28.5;1.75;0.102466591
Kelapa Gading;169.5;4.334.402.778;6.5;60;28.5;3.8;0.102466591
Kelapa Gading;43.5;4.334.402.778;13;65;29;0.85;0.102466591
Kelapa Gading;61.5;4.334.402.778;14.5;65;28.5;0.35;0.102466591
Kelapa Gading;94;4.334.402.778;7;65;28.5;0;0.102466591
Kelapa Gading;127.5;4.334.402.778;5;55;29.5;0.1;0.102466591
Kelapa Gading;148;4.334.402.778;7.5;50;31;0;0.102466591
Kelapa Gading;163;4.334.402.778;7.5;65;29.5;0.3;0.102466591
Kelapa Gading;102;4.334.402.778;8.5;55;28.5;0;0.102466591
Kelapa Gading;48;4.334.402.778;7.5;65;29.5;0.1;0.102466591
Lubang Buaya;137.5;1144.15;3;65;29;0;0.146951483
Lubang Buaya;180;1144.15;3.5;70;27.5;0.2;0.146951483
Lubang Buaya;179.5;1144.15;3.5;70;28;0;0.146951483
Lubang Buaya;141.5;1144.15;2.5;75;27.5;0;0.146951483
Lubang Buaya;109;1144.15;3;70;24;8.25;0.146951483
Lubang Buaya;165.5;1144.15;2.5;75;26.5;0.2;0.146951483
Lubang Buaya;167.5;1144.15;6.5;75;26.5;0.25;0.146951483
Lubang Buaya;213.5;1144.15;2.5;70;26.5;0;0.146951483
Lubang Buaya;133;1144.15;3;75;28.5;0;0.146951483
Lubang Buaya;152.5;1.024.135.135;4.5;80;27.5;0;0.146951483
Lubang Buaya;144;1.024.135.135;1;75;28;0.2;0.146951483
Lubang Buaya;315;1.024.135.135;2;70;27;0.2;0.146951483
Lubang Buaya;225;1.024.135.135;3;75;32;0;0.146951483
Lubang Buaya;245;1.024.135.135;2.5;70;27;0;0.146951483
Lubang Buaya;133.5;1.024.135.135;2;75;28;0;0.146951483
Lubang Buaya;84.5;1.024.135.135;2;75;27.5;0;0.146951483
Lubang Buaya;128.5;9.946.216.216;3;75;28;0;0.146951483
Lubang Buaya;402;9.946.216.216;2;70;27.5;0.1;0.146951483
Lubang Buaya;171.5;9.946.216.216;2.5;70;27;0.2;0.146951483
Lubang Buaya;72;9.946.216.216;3;80;27.5;0.3;0.146951483
Lubang Buaya;80.5;9.946.216.216;7.5;75;27.5;0;0.146951483
Lubang Buaya;145.5;9.946.216.216;2.5;75;28;0;0.146951483
Lubang Buaya;161.5;9.946.216.216;7;80;27.5;0;0.146951483
Lubang Buaya;105;1.005.533.333;6;70;28;0;0.146951483
Lubang Buaya;101;1.005.533.333;9;80;28.5;0;0.146951483
Lubang Buaya;49;1.005.533.333;9;85;25;1;0.146951483
Lubang Buaya;126;1.005.533.333;5;70;27.5;0;0.146951483
Lubang Buaya;95;1.005.533.333;5;60;28;0;0.146951483
Lubang Buaya;71;1.005.533.333;5.5;60;28.5;0;0.146951483
Lubang Buaya;76;1.005.533.333;3;60;28;0;0.146951483
Lubang Buaya;42;1.005.533.333;4;65;28;0;0.146951483
Lubang Buaya;53;116.472.093;10;50;33;0;0.146951483
Lubang Buaya;130;116.472.093;6;60;29;0.7;0.146951483
Lubang Buaya;74;116.472.093;10;60;32;1;0.146951483
Lubang Buaya;109;116.472.093;4;60;31;0.2;0.146951483
Lubang Buaya;115;116.472.093;3;50;29;8.4;0.146951483
Lubang Buaya;145;116.472.093;6;60;32;0;0.146951483
Lubang Buaya;168;116.472.093;14;60;30;0.2;0.146951483
Lubang Buaya;116;116.472.093;6;60;32;0;0.146951483
Lubang Buaya;34;116.472.093;7;60;33;3.2;0.146951483
Lubang Buaya;83;8.036.875;2;60;32;0.2;0.146951483
Lubang Buaya;99;8.036.875;13;60;32;1.8;0.146951483
Lubang Buaya;240;8.036.875;10;60;33;0.8;0.146951483
Lubang Buaya;111;8.036.875;8;60;33;0.6;0.146951483
Lubang Buaya;262;8.036.875;10;60;33;0.3;0.146951483
Lubang Buaya;79;8.036.875;8;70;32;1.8;0.146951483
Lubang Buaya;48;8.036.875;6;60;33;0.2;0.146951483
Lubang Buaya;93;1.055.138.889;7;60;32;0;0.146951483
Lubang Buaya;199;1.055.138.889;11;60;31;0.9;0.146951483
Lubang Buaya;167;1.055.138.889;4;60;32;0.2;0.146951483
Lubang Buaya;12;1.055.138.889;8;70;29;3.5;0.146951483
Lubang Buaya;39;1.055.138.889;14;70;31;0.2;0.146951483
Lubang Buaya;75;1.055.138.889;9;60;32;0;0.146951483
Lubang Buaya;58;1.055.138.889;12;60;32;0.1;0.146951483
Lubang Buaya;46;9.536.818.182;18;50;32;0.2;0.146951483
Lubang Buaya;41;9.536.818.182;18;60;32;0.4;0.146951483
Lubang Buaya;50;9.536.818.182;10;60;30;0.1;0.146951483
Lubang Buaya;61;9.536.818.182;12;60;32;0;0.146951483
Lubang Buaya;45;9.536.818.182;13;40;33;0;0.146951483
Lubang Buaya;74;9.536.818.182;8;50;34;0;0.146951483
Lubang Buaya;26;9.536.818.182;11;40;35;0;0.146951483
Lubang Buaya;22;9.536.818.182;10;50;32;0;0.146951483
Lubang Buaya;63.5;1524.35;5.5;70;29;1.65;0.146951483
Lubang Buaya;120;1524.35;5;75;28.5;0.55;0.146951483
Lubang Buaya;120.5;1524.35;5.5;70;28.5;4.65;0.146951483
Lubang Buaya;132.5;1524.35;5;75;27.5;3.6;0.146951483
Lubang Buaya;135;1524.35;5;70;28;2.65;0.146951483
Lubang Buaya;141;1524.35;4;85;28;3.85;0.146951483
Lubang Buaya;232;1524.35;10.5;75;26;0.5;0.146951483
Lubang Buaya;146;1524.35;3;70;29;1.4;0.146951483
Lubang Buaya;37;1524.35;6.5;70;28.5;4.75;0.146951483
Lubang Buaya;118.5;109.547.619;6;75;29;3.1;0.146951483
Lubang Buaya;185;109.547.619;4.5;80;28;1.75;0.146951483
Lubang Buaya;331.5;109.547.619;5.5;75;28.5;0.45;0.146951483
Lubang Buaya;179.5;109.547.619;5;80;28.5;3.5;0.146951483
Lubang Buaya;231;109.547.619;8;75;29.5;1.2;0.146951483
Lubang Buaya;93;109.547.619;5;75;29;3.15;0.146951483
Lubang Buaya;152;109.547.619;4;75;30;1.15;0.146951483
Lubang Buaya;218;1.355.628.571;5;75;30;0.5;0.146951483
Lubang Buaya;142.5;1.355.628.571;4;75;29;1.95;0.146951483
Lubang Buaya;165.5;1.355.628.571;3.5;75;28;2.35;0.146951483
Lubang Buaya;29.5;1.355.628.571;3.5;75;28.5;2.35;0.146951483
Lubang Buaya;100;1.355.628.571;6.5;85;28;0.8;0.146951483
Lubang Buaya;108.5;1.355.628.571;5;75;28.5;1.85;0.146951483
Lubang Buaya;97.5;1.355.628.571;6.5;75;28.5;3.75;0.146951483
Lubang Buaya;37.5;1.259.139.535;15;70;29.5;0.5;0.146951483
Lubang Buaya;50;1.259.139.535;12.5;80;28.5;0.35;0.146951483
Lubang Buaya;49;1.259.139.535;6;70;28.5;0;0.146951483
Lubang Buaya;96;1.259.139.535;5;65;30;0.05;0.146951483
Lubang Buaya;85;1.259.139.535;5.5;60;32;0;0.146951483
Lubang Buaya;168;1.259.139.535;10.5;65;29.5;0.3;0.146951483
Lubang Buaya;92.5;1.259.139.535;10.5;60;29.5;0;0.146951483
Lubang Buaya;44.5;1.259.139.535;9.5;70;28.5;0.2;0.146951483
